{
  "v": "5.4.2",
  "fr": 48,
  "ip": 0,
  "op": 192,
  "w": 500,
  "h": 500,
  "nm": "12 - Clock",
  "ddd": 0,
  "assets": [],
  "layers": [
    {
      "ddd": 0,
      "ind": 1,
      "ty": 4,
      "nm": "Longhand_warp Outlines",
      "sr": 1,
      "ks": {
        "o": {
          "a": 0,
          "k": 35,
          "ix": 11
        },
        "r": {
          "a": 1,
          "k": [
            {
              "i": {
                "x": [
                  0.35
                ],
                "y": [
                  1
                ]
              },
              "o": {
                "x": [
                  0.65
                ],
                "y": [
                  0
                ]
              },
              "n": [
                "0p35_1_0p65_0"
              ],
              "t": 0,
              "s": [
                0
              ],
              "e": [
                720
              ]
            },
            {
              "t": 144
            }
          ],
          "ix": 10
        },
        "p": {
          "a": 0,
          "k": [
            250,
            249.958,
            0
          ],
          "ix": 2
        },
        "a": {
          "a": 0,
          "k": [
            6.5,
            95.417,
            0
          ],
          "ix": 1
        },
        "s": {
          "a": 0,
          "k": [
            100,
            100,
            100
          ],
          "ix": 6
        }
      },
      "ao": 0,
      "ef": [
        {
          "ty": 5,
          "nm": "Warp Time",
          "np": 7,
          "mn": "ADBE Echo",
          "ix": 1,
          "en": 1,
          "ef": [
            {
              "ty": 0,
              "nm": "Echo Time (seconds)",
              "mn": "ADBE Echo-0001",
              "ix": 1,
              "v": {
                "a": 0,
                "k": -0.006,
                "ix": 1
              }
            },
            {
              "ty": 0,
              "nm": "Number Of Echoes",
              "mn": "ADBE Echo-0002",
              "ix": 2,
              "v": {
                "a": 0,
                "k": 16,
                "ix": 2
              }
            },
            {
              "ty": 0,
              "nm": "Starting Intensity",
              "mn": "ADBE Echo-0003",
              "ix": 3,
              "v": {
                "a": 0,
                "k": 1,
                "ix": 3
              }
            },
            {
              "ty": 0,
              "nm": "Decay",
              "mn": "ADBE Echo-0004",
              "ix": 4,
              "v": {
                "a": 0,
                "k": 1,
                "ix": 4
              }
            },
            {
              "ty": 7,
              "nm": "Echo Operator",
              "mn": "ADBE Echo-0005",
              "ix": 5,
              "v": {
                "a": 0,
                "k": 2,
                "ix": 5
              }
            }
          ]
        },
        {
          "ty": 5,
          "nm": "Edge Smooth",
          "np": 9,
          "mn": "ADBE Matte Choker",
          "ix": 2,
          "en": 1,
          "ef": [
            {
              "ty": 0,
              "nm": "Geometric Softness 1",
              "mn": "ADBE Matte Choker-0001",
              "ix": 1,
              "v": {
                "a": 0,
                "k": 0,
                "ix": 1
              }
            },
            {
              "ty": 0,
              "nm": "Choke 1",
              "mn": "ADBE Matte Choker-0002",
              "ix": 2,
              "v": {
                "a": 0,
                "k": 0,
                "ix": 2
              }
            },
            {
              "ty": 0,
              "nm": "Gray Level Softness 1",
              "mn": "ADBE Matte Choker-0003",
              "ix": 3,
              "v": {
                "a": 0,
                "k": 0,
                "ix": 3
              }
            },
            {
              "ty": 0,
              "nm": "Geometric Softness 2",
              "mn": "ADBE Matte Choker-0004",
              "ix": 4,
              "v": {
                "a": 0,
                "k": 0,
                "ix": 4
              }
            },
            {
              "ty": 0,
              "nm": "Choke 2",
              "mn": "ADBE Matte Choker-0005",
              "ix": 5,
              "v": {
                "a": 0,
                "k": 0,
                "ix": 5
              }
            },
            {
              "ty": 0,
              "nm": "Gray Level Softness 2",
              "mn": "ADBE Matte Choker-0006",
              "ix": 6,
              "v": {
                "a": 0,
                "k": 1,
                "ix": 6
              }
            },
            {
              "ty": 0,
              "nm": "Iterations",
              "mn": "ADBE Matte Choker-0007",
              "ix": 7,
              "v": {
                "a": 0,
                "k": 1,
                "ix": 7
              }
            }
          ]
        },
        {
          "ty": 5,
          "nm": "Object Crush",
          "np": 4,
          "mn": "ADBE Simple Choker",
          "ix": 3,
          "en": 1,
          "ef": [
            {
              "ty": 7,
              "nm": "View",
              "mn": "ADBE Simple Choker-0001",
              "ix": 1,
              "v": {
                "a": 0,
                "k": 1,
                "ix": 1
              }
            },
            {
              "ty": 0,
              "nm": "Choke Matte",
              "mn": "ADBE Simple Choker-0002",
              "ix": 2,
              "v": {
                "a": 0,
                "k": 12,
                "ix": 2
              }
            }
          ]
        }
      ],
      "shapes": [
        {
          "ty": "gr",
          "it": [
            {
              "ind": 0,
              "ty": "sh",
              "ix": 1,
              "ks": {
                "a": 0,
                "k": {
                  "i": [
                    [
                      0,
                      0
                    ],
                    [
                      0,
                      0
                    ]
                  ],
                  "o": [
                    [
                      0,
                      0
                    ],
                    [
                      0,
                      0
                    ]
                  ],
                  "v": [
                    [
                      6.5,
                      95.333
                    ],
                    [
                      6.5,
                      6.5
                    ]
                  ],
                  "c": false
                },
                "ix": 2
              },
              "nm": "Path 1",
              "mn": "ADBE Vector Shape - Group",
              "hd": false
            },
            {
              "ty": "st",
              "c": {
                "a": 0,
                "k": [
                  1,
                  1,
                  1,
                  1
                ],
                "ix": 3
              },
              "o": {
                "a": 0,
                "k": 100,
                "ix": 4
              },
              "w": {
                "a": 0,
                "k": 13,
                "ix": 5
              },
              "lc": 2,
              "lj": 1,
              "ml": 10,
              "ml2": {
                "a": 0,
                "k": 10,
                "ix": 8
              },
              "nm": "Stroke 1",
              "mn": "ADBE Vector Graphic - Stroke",
              "hd": false
            },
            {
              "ty": "tr",
              "p": {
                "a": 0,
                "k": [
                  0,
                  0
                ],
                "ix": 2
              },
              "a": {
                "a": 0,
                "k": [
                  0,
                  0
                ],
                "ix": 1
              },
              "s": {
                "a": 0,
                "k": [
                  100,
                  100
                ],
                "ix": 3
              },
              "r": {
                "a": 0,
                "k": 0,
                "ix": 6
              },
              "o": {
                "a": 0,
                "k": 100,
                "ix": 7
              },
              "sk": {
                "a": 0,
                "k": 0,
                "ix": 4
              },
              "sa": {
                "a": 0,
                "k": 0,
                "ix": 5
              },
              "nm": "Transform"
            }
          ],
          "nm": "Group 1",
          "np": 2,
          "cix": 2,
          "ix": 1,
          "mn": "ADBE Vector Group",
          "hd": false
        }
      ],
      "ip": 0,
      "op": 192,
      "st": 0,
      "bm": 0
    },
    {
      "ddd": 0,
      "ind": 3,
      "ty": 4,
      "nm": "Longhand Outlines",
      "sr": 1,
      "ks": {
        "o": {
          "a": 0,
          "k": 100,
          "ix": 11
        },
        "r": {
          "a": 1,
          "k": [
            {
              "i": {
                "x": [
                  0.35
                ],
                "y": [
                  1
                ]
              },
              "o": {
                "x": [
                  0.65
                ],
                "y": [
                  0
                ]
              },
              "n": [
                "0p35_1_0p65_0"
              ],
              "t": 0,
              "s": [
                0
              ],
              "e": [
                720
              ]
            },
            {
              "t": 144
            }
          ],
          "ix": 10
        },
        "p": {
          "a": 0,
          "k": [
            250,
            249.958,
            0
          ],
          "ix": 2
        },
        "a": {
          "a": 0,
          "k": [
            6.5,
            95.417,
            0
          ],
          "ix": 1
        },
        "s": {
          "a": 0,
          "k": [
            100,
            100,
            100
          ],
          "ix": 6
        }
      },
      "ao": 0,
      "shapes": [
        {
          "ty": "gr",
          "it": [
            {
              "ind": 0,
              "ty": "sh",
              "ix": 1,
              "ks": {
                "a": 0,
                "k": {
                  "i": [
                    [
                      0,
                      0
                    ],
                    [
                      0,
                      0
                    ]
                  ],
                  "o": [
                    [
                      0,
                      0
                    ],
                    [
                      0,
                      0
                    ]
                  ],
                  "v": [
                    [
                      6.5,
                      95.333
                    ],
                    [
                      6.5,
                      6.5
                    ]
                  ],
                  "c": false
                },
                "ix": 2
              },
              "nm": "Path 1",
              "mn": "ADBE Vector Shape - Group",
              "hd": false
            },
            {
              "ty": "st",
              "c": {
                "a": 0,
                "k": [
                  1,
                  1,
                  1,
                  1
                ],
                "ix": 3
              },
              "o": {
                "a": 0,
                "k": 100,
                "ix": 4
              },
              "w": {
                "a": 0,
                "k": 13,
                "ix": 5
              },
              "lc": 2,
              "lj": 1,
              "ml": 10,
              "ml2": {
                "a": 0,
                "k": 10,
                "ix": 8
              },
              "nm": "Stroke 1",
              "mn": "ADBE Vector Graphic - Stroke",
              "hd": false
            },
            {
              "ty": "tr",
              "p": {
                "a": 0,
                "k": [
                  0,
                  0
                ],
                "ix": 2
              },
              "a": {
                "a": 0,
                "k": [
                  0,
                  0
                ],
                "ix": 1
              },
              "s": {
                "a": 0,
                "k": [
                  100,
                  100
                ],
                "ix": 3
              },
              "r": {
                "a": 0,
                "k": 0,
                "ix": 6
              },
              "o": {
                "a": 0,
                "k": 100,
                "ix": 7
              },
              "sk": {
                "a": 0,
                "k": 0,
                "ix": 4
              },
              "sa": {
                "a": 0,
                "k": 0,
                "ix": 5
              },
              "nm": "Transform"
            }
          ],
          "nm": "Group 1",
          "np": 2,
          "cix": 2,
          "ix": 1,
          "mn": "ADBE Vector Group",
          "hd": false
        }
      ],
      "ip": 0,
      "op": 192,
      "st": 0,
      "bm": 0
    },
    {
      "ddd": 0,
      "ind": 5,
      "ty": 4,
      "nm": "Shorthand_warp Outlines",
      "sr": 1,
      "ks": {
        "o": {
          "a": 0,
          "k": 35,
          "ix": 11
        },
        "r": {
          "a": 1,
          "k": [
            {
              "i": {
                "x": [
                  0.35
                ],
                "y": [
                  1
                ]
              },
              "o": {
                "x": [
                  0.65
                ],
                "y": [
                  0
                ]
              },
              "n": [
                "0p35_1_0p65_0"
              ],
              "t": 0,
              "s": [
                0
              ],
              "e": [
                360
              ]
            },
            {
              "t": 144
            }
          ],
          "ix": 10
        },
        "p": {
          "a": 0,
          "k": [
            250,
            249.875,
            0
          ],
          "ix": 2
        },
        "a": {
          "a": 0,
          "k": [
            6.5,
            6.5,
            0
          ],
          "ix": 1
        },
        "s": {
          "a": 0,
          "k": [
            100,
            100,
            100
          ],
          "ix": 6
        }
      },
      "ao": 0,
      "ef": [
        {
          "ty": 5,
          "nm": "Warp Time",
          "np": 7,
          "mn": "ADBE Echo",
          "ix": 1,
          "en": 1,
          "ef": [
            {
              "ty": 0,
              "nm": "Echo Time (seconds)",
              "mn": "ADBE Echo-0001",
              "ix": 1,
              "v": {
                "a": 0,
                "k": -0.006,
                "ix": 1
              }
            },
            {
              "ty": 0,
              "nm": "Number Of Echoes",
              "mn": "ADBE Echo-0002",
              "ix": 2,
              "v": {
                "a": 0,
                "k": 16,
                "ix": 2
              }
            },
            {
              "ty": 0,
              "nm": "Starting Intensity",
              "mn": "ADBE Echo-0003",
              "ix": 3,
              "v": {
                "a": 0,
                "k": 1,
                "ix": 3
              }
            },
            {
              "ty": 0,
              "nm": "Decay",
              "mn": "ADBE Echo-0004",
              "ix": 4,
              "v": {
                "a": 0,
                "k": 1,
                "ix": 4
              }
            },
            {
              "ty": 7,
              "nm": "Echo Operator",
              "mn": "ADBE Echo-0005",
              "ix": 5,
              "v": {
                "a": 0,
                "k": 2,
                "ix": 5
              }
            }
          ]
        },
        {
          "ty": 5,
          "nm": "Edge Smooth",
          "np": 9,
          "mn": "ADBE Matte Choker",
          "ix": 2,
          "en": 1,
          "ef": [
            {
              "ty": 0,
              "nm": "Geometric Softness 1",
              "mn": "ADBE Matte Choker-0001",
              "ix": 1,
              "v": {
                "a": 0,
                "k": 0,
                "ix": 1
              }
            },
            {
              "ty": 0,
              "nm": "Choke 1",
              "mn": "ADBE Matte Choker-0002",
              "ix": 2,
              "v": {
                "a": 0,
                "k": 0,
                "ix": 2
              }
            },
            {
              "ty": 0,
              "nm": "Gray Level Softness 1",
              "mn": "ADBE Matte Choker-0003",
              "ix": 3,
              "v": {
                "a": 0,
                "k": 0,
                "ix": 3
              }
            },
            {
              "ty": 0,
              "nm": "Geometric Softness 2",
              "mn": "ADBE Matte Choker-0004",
              "ix": 4,
              "v": {
                "a": 0,
                "k": 0,
                "ix": 4
              }
            },
            {
              "ty": 0,
              "nm": "Choke 2",
              "mn": "ADBE Matte Choker-0005",
              "ix": 5,
              "v": {
                "a": 0,
                "k": 0,
                "ix": 5
              }
            },
            {
              "ty": 0,
              "nm": "Gray Level Softness 2",
              "mn": "ADBE Matte Choker-0006",
              "ix": 6,
              "v": {
                "a": 0,
                "k": 1,
                "ix": 6
              }
            },
            {
              "ty": 0,
              "nm": "Iterations",
              "mn": "ADBE Matte Choker-0007",
              "ix": 7,
              "v": {
                "a": 0,
                "k": 1,
                "ix": 7
              }
            }
          ]
        },
        {
          "ty": 5,
          "nm": "Object Crush",
          "np": 4,
          "mn": "ADBE Simple Choker",
          "ix": 3,
          "en": 1,
          "ef": [
            {
              "ty": 7,
              "nm": "View",
              "mn": "ADBE Simple Choker-0001",
              "ix": 1,
              "v": {
                "a": 0,
                "k": 1,
                "ix": 1
              }
            },
            {
              "ty": 0,
              "nm": "Choke Matte",
              "mn": "ADBE Simple Choker-0002",
              "ix": 2,
              "v": {
                "a": 0,
                "k": 12,
                "ix": 2
              }
            }
          ]
        }
      ],
      "shapes": [
        {
          "ty": "gr",
          "it": [
            {
              "ind": 0,
              "ty": "sh",
              "ix": 1,
              "ks": {
                "a": 0,
                "k": {
                  "i": [
                    [
                      0,
                      0
                    ],
                    [
                      0,
                      0
                    ]
                  ],
                  "o": [
                    [
                      0,
                      0
                    ],
                    [
                      0,
                      0
                    ]
                  ],
                  "v": [
                    [
                      6.5,
                      6.5
                    ],
                    [
                      64.833,
                      6.5
                    ]
                  ],
                  "c": false
                },
                "ix": 2
              },
              "nm": "Path 1",
              "mn": "ADBE Vector Shape - Group",
              "hd": false
            },
            {
              "ty": "st",
              "c": {
                "a": 0,
                "k": [
                  1,
                  1,
                  1,
                  1
                ],
                "ix": 3
              },
              "o": {
                "a": 0,
                "k": 100,
                "ix": 4
              },
              "w": {
                "a": 0,
                "k": 13,
                "ix": 5
              },
              "lc": 2,
              "lj": 1,
              "ml": 10,
              "ml2": {
                "a": 0,
                "k": 10,
                "ix": 8
              },
              "nm": "Stroke 1",
              "mn": "ADBE Vector Graphic - Stroke",
              "hd": false
            },
            {
              "ty": "tr",
              "p": {
                "a": 0,
                "k": [
                  0,
                  0
                ],
                "ix": 2
              },
              "a": {
                "a": 0,
                "k": [
                  0,
                  0
                ],
                "ix": 1
              },
              "s": {
                "a": 0,
                "k": [
                  100,
                  100
                ],
                "ix": 3
              },
              "r": {
                "a": 0,
                "k": 0,
                "ix": 6
              },
              "o": {
                "a": 0,
                "k": 100,
                "ix": 7
              },
              "sk": {
                "a": 0,
                "k": 0,
                "ix": 4
              },
              "sa": {
                "a": 0,
                "k": 0,
                "ix": 5
              },
              "nm": "Transform"
            }
          ],
          "nm": "Group 1",
          "np": 2,
          "cix": 2,
          "ix": 1,
          "mn": "ADBE Vector Group",
          "hd": false
        }
      ],
      "ip": 0,
      "op": 192,
      "st": 0,
      "bm": 0
    },
    {
      "ddd": 0,
      "ind": 7,
      "ty": 4,
      "nm": "Shorthand Outlines",
      "sr": 1,
      "ks": {
        "o": {
          "a": 0,
          "k": 100,
          "ix": 11
        },
        "r": {
          "a": 1,
          "k": [
            {
              "i": {
                "x": [
                  0.35
                ],
                "y": [
                  1
                ]
              },
              "o": {
                "x": [
                  0.65
                ],
                "y": [
                  0
                ]
              },
              "n": [
                "0p35_1_0p65_0"
              ],
              "t": 0,
              "s": [
                0
              ],
              "e": [
                360
              ]
            },
            {
              "t": 144
            }
          ],
          "ix": 10
        },
        "p": {
          "a": 0,
          "k": [
            250,
            249.875,
            0
          ],
          "ix": 2
        },
        "a": {
          "a": 0,
          "k": [
            6.5,
            6.5,
            0
          ],
          "ix": 1
        },
        "s": {
          "a": 0,
          "k": [
            100,
            100,
            100
          ],
          "ix": 6
        }
      },
      "ao": 0,
      "shapes": [
        {
          "ty": "gr",
          "it": [
            {
              "ind": 0,
              "ty": "sh",
              "ix": 1,
              "ks": {
                "a": 0,
                "k": {
                  "i": [
                    [
                      0,
                      0
                    ],
                    [
                      0,
                      0
                    ]
                  ],
                  "o": [
                    [
                      0,
                      0
                    ],
                    [
                      0,
                      0
                    ]
                  ],
                  "v": [
                    [
                      6.5,
                      6.5
                    ],
                    [
                      64.833,
                      6.5
                    ]
                  ],
                  "c": false
                },
                "ix": 2
              },
              "nm": "Path 1",
              "mn": "ADBE Vector Shape - Group",
              "hd": false
            },
            {
              "ty": "st",
              "c": {
                "a": 0,
                "k": [
                  1,
                  1,
                  1,
                  1
                ],
                "ix": 3
              },
              "o": {
                "a": 0,
                "k": 100,
                "ix": 4
              },
              "w": {
                "a": 0,
                "k": 13,
                "ix": 5
              },
              "lc": 2,
              "lj": 1,
              "ml": 10,
              "ml2": {
                "a": 0,
                "k": 10,
                "ix": 8
              },
              "nm": "Stroke 1",
              "mn": "ADBE Vector Graphic - Stroke",
              "hd": false
            },
            {
              "ty": "tr",
              "p": {
                "a": 0,
                "k": [
                  0,
                  0
                ],
                "ix": 2
              },
              "a": {
                "a": 0,
                "k": [
                  0,
                  0
                ],
                "ix": 1
              },
              "s": {
                "a": 0,
                "k": [
                  100,
                  100
                ],
                "ix": 3
              },
              "r": {
                "a": 0,
                "k": 0,
                "ix": 6
              },
              "o": {
                "a": 0,
                "k": 100,
                "ix": 7
              },
              "sk": {
                "a": 0,
                "k": 0,
                "ix": 4
              },
              "sa": {
                "a": 0,
                "k": 0,
                "ix": 5
              },
              "nm": "Transform"
            }
          ],
          "nm": "Group 1",
          "np": 2,
          "cix": 2,
          "ix": 1,
          "mn": "ADBE Vector Group",
          "hd": false
        }
      ],
      "ip": 0,
      "op": 192,
      "st": 0,
      "bm": 0
    },
    {
      "ddd": 0,
      "ind": 9,
      "ty": 4,
      "nm": "Midclock Outlines",
      "sr": 1,
      "ks": {
        "o": {
          "a": 0,
          "k": 100,
          "ix": 11
        },
        "r": {
          "a": 0,
          "k": 0,
          "ix": 10
        },
        "p": {
          "a": 0,
          "k": [
            250,
            249.875,
            0
          ],
          "ix": 2
        },
        "a": {
          "a": 0,
          "k": [
            13.75,
            13.75,
            0
          ],
          "ix": 1
        },
        "s": {
          "a": 0,
          "k": [
            100,
            100,
            100
          ],
          "ix": 6
        }
      },
      "ao": 0,
      "shapes": [
        {
          "ty": "gr",
          "it": [
            {
              "ind": 0,
              "ty": "sh",
              "ix": 1,
              "ks": {
                "a": 0,
                "k": {
                  "i": [
                    [
                      0,
                      -7.456
                    ],
                    [
                      7.456,
                      0
                    ],
                    [
                      0,
                      7.456
                    ],
                    [
                      -7.456,
                      0
                    ]
                  ],
                  "o": [
                    [
                      0,
                      7.456
                    ],
                    [
                      -7.456,
                      0
                    ],
                    [
                      0,
                      -7.456
                    ],
                    [
                      7.456,
                      0
                    ]
                  ],
                  "v": [
                    [
                      13.5,
                      0
                    ],
                    [
                      0,
                      13.5
                    ],
                    [
                      -13.5,
                      0
                    ],
                    [
                      0,
                      -13.5
                    ]
                  ],
                  "c": true
                },
                "ix": 2
              },
              "nm": "Path 1",
              "mn": "ADBE Vector Shape - Group",
              "hd": false
            },
            {
              "ty": "fl",
              "c": {
                "a": 0,
                "k": [
                  1,
                  1,
                  1,
                  1
                ],
                "ix": 4
              },
              "o": {
                "a": 0,
                "k": 100,
                "ix": 5
              },
              "r": 1,
              "nm": "Fill 1",
              "mn": "ADBE Vector Graphic - Fill",
              "hd": false
            },
            {
              "ty": "tr",
              "p": {
                "a": 0,
                "k": [
                  13.75,
                  13.75
                ],
                "ix": 2
              },
              "a": {
                "a": 0,
                "k": [
                  0,
                  0
                ],
                "ix": 1
              },
              "s": {
                "a": 0,
                "k": [
                  100,
                  100
                ],
                "ix": 3
              },
              "r": {
                "a": 0,
                "k": 0,
                "ix": 6
              },
              "o": {
                "a": 0,
                "k": 100,
                "ix": 7
              },
              "sk": {
                "a": 0,
                "k": 0,
                "ix": 4
              },
              "sa": {
                "a": 0,
                "k": 0,
                "ix": 5
              },
              "nm": "Transform"
            }
          ],
          "nm": "Group 1",
          "np": 2,
          "cix": 2,
          "ix": 1,
          "mn": "ADBE Vector Group",
          "hd": false
        }
      ],
      "ip": 0,
      "op": 192,
      "st": 0,
      "bm": 0
    },
    {
      "ddd": 0,
      "ind": 11,
      "ty": 4,
      "nm": "Clock Outlines",
      "sr": 1,
      "ks": {
        "o": {
          "a": 0,
          "k": 100,
          "ix": 11
        },
        "r": {
          "a": 0,
          "k": 0,
          "ix": 10
        },
        "p": {
          "a": 0,
          "k": [
            250,
            249.875,
            0
          ],
          "ix": 2
        },
        "a": {
          "a": 0,
          "k": [
            126.25,
            126.25,
            0
          ],
          "ix": 1
        },
        "s": {
          "a": 0,
          "k": [
            100,
            100,
            100
          ],
          "ix": 6
        }
      },
      "ao": 0,
      "shapes": [
        {
          "ty": "gr",
          "it": [
            {
              "ind": 0,
              "ty": "sh",
              "ix": 1,
              "ks": {
                "a": 0,
                "k": {
                  "i": [
                    [
                      0,
                      -69.588
                    ],
                    [
                      69.588,
                      0
                    ],
                    [
                      0,
                      69.588
                    ],
                    [
                      -69.588,
                      0
                    ]
                  ],
                  "o": [
                    [
                      0,
                      69.588
                    ],
                    [
                      -69.588,
                      0
                    ],
                    [
                      0,
                      -69.588
                    ],
                    [
                      69.588,
                      0
                    ]
                  ],
                  "v": [
                    [
                      126,
                      0
                    ],
                    [
                      0,
                      126
                    ],
                    [
                      -126,
                      0
                    ],
                    [
                      0,
                      -126
                    ]
                  ],
                  "c": true
                },
                "ix": 2
              },
              "nm": "Path 1",
              "mn": "ADBE Vector Shape - Group",
              "hd": false
            },
            {
              "ty": "fl",
              "c": {
                "a": 0,
                "k": [
                  0.70196,
                  0.70196,
                  0.98039,
                  1
                ],
                "ix": 4
              },
              "o": {
                "a": 0,
                "k": 100,
                "ix": 5
              },
              "r": 1,
              "nm": "Fill 1",
              "mn": "ADBE Vector Graphic - Fill",
              "hd": false
            },
            {
              "ty": "tr",
              "p": {
                "a": 0,
                "k": [
                  126.25,
                  126.25
                ],
                "ix": 2
              },
              "a": {
                "a": 0,
                "k": [
                  0,
                  0
                ],
                "ix": 1
              },
              "s": {
                "a": 0,
                "k": [
                  100,
                  100
                ],
                "ix": 3
              },
              "r": {
                "a": 0,
                "k": 0,
                "ix": 6
              },
              "o": {
                "a": 0,
                "k": 100,
                "ix": 7
              },
              "sk": {
                "a": 0,
                "k": 0,
                "ix": 4
              },
              "sa": {
                "a": 0,
                "k": 0,
                "ix": 5
              },
              "nm": "Transform"
            }
          ],
          "nm": "Group 1",
          "np": 2,
          "cix": 2,
          "ix": 1,
          "mn": "ADBE Vector Group",
          "hd": false
        }
      ],
      "ip": 0,
      "op": 192,
      "st": 0,
      "bm": 0
    },
    {
      "ddd": 0,
      "ind": 13,
      "ty": 1,
      "nm": "plate_white",
      "sr": 1,
      "ks": {
        "o": {
          "a": 0,
          "k": 100,
          "ix": 11
        },
        "r": {
          "a": 0,
          "k": 0,
          "ix": 10
        },
        "p": {
          "a": 0,
          "k": [
            250,
            250,
            0
          ],
          "ix": 2
        },
        "a": {
          "a": 0,
          "k": [
            250,
            250,
            0
          ],
          "ix": 1
        },
        "s": {
          "a": 0,
          "k": [
            100,
            100,
            100
          ],
          "ix": 6
        }
      },
      "ao": 0,
      "sw": 500,
      "sh": 500,
      "sc": "#ffffff",
      "ip": 0,
      "op": 192,
      "st": 0,
      "bm": 0
    }
  ],
  "markers": []
}